metric,comparison,estimate,ci_low,ci_high
kindergarten_score,Regular + aide - Regular,0.31393542575278843,-7.395221972435172,7.383102267812753
kindergarten_score,Small - Regular,13.898994458617494,5.211021962889004,22.070090740613214
grade3_score,Regular + aide - Regular,0.5120241673719192,-5.702202124795593,7.223846495151378
grade3_score,Small - Regular,11.690458697622034,3.7443798387666334,19.37908617111215
grade3_observed_rate,Regular + aide - Regular,-0.020464720416342674,-0.053451792163275155,0.014086600002846783
grade3_observed_rate,Small - Regular,0.015421004653840609,-0.017323334421460262,0.04561210780336201
